s00000019630003,https://starful.biz/career/3d_modeler
s00000019630003,https://starful.biz/career/agile_coach
s00000019630003,https://starful.biz/career/ai_engineer
s00000019630003,https://starful.biz/career/ai_ethicist
s00000019630003,https://starful.biz/career/ai_researcher
s00000019630003,https://starful.biz/career/analytics_engineer
s00000019630003,https://starful.biz/career/android_developer
s00000019630003,https://starful.biz/career/animations_designer
s00000019630003,https://starful.biz/career/api_technical_writer
s00000019630003,https://starful.biz/career/application_security_engineer
s00000019630003,https://starful.biz/career/automation_engineer
s00000019630003,https://starful.biz/career/backend_architect
s00000019630003,https://starful.biz/career/backend_developer
s00000019630003,https://starful.biz/career/bi_analyst
s00000019630003,https://starful.biz/career/bi_developer
s00000019630003,https://starful.biz/career/bi_engineer
s00000019630003,https://starful.biz/career/bioinformatics_scientist
s00000019630003,https://starful.biz/career/blockchain_developer
s00000019630003,https://starful.biz/career/brand_designer
s00000019630003,https://starful.biz/career/business_analyst
s00000019630003,https://starful.biz/career/business_development_manager
s00000019630003,https://starful.biz/career/business_planner
s00000019630003,https://starful.biz/career/chief_data_officer
s00000019630003,https://starful.biz/career/chief_product_officer
s00000019630003,https://starful.biz/career/cio
s00000019630003,https://starful.biz/career/ciso
s00000019630003,https://starful.biz/career/cloud_architect
s00000019630003,https://starful.biz/career/cloud_consultant
s00000019630003,https://starful.biz/career/cloud_engineer
s00000019630003,https://starful.biz/career/cloud_migration_specialist
s00000019630003,https://starful.biz/career/cloud_solutions_architect
s00000019630003,https://starful.biz/career/cloud_support_engineer
s00000019630003,https://starful.biz/career/community_manager
s00000019630003,https://starful.biz/career/compiler_engineer
s00000019630003,https://starful.biz/career/computer_vision_engineer
s00000019630003,https://starful.biz/career/conversion_rate_optimizer
s00000019630003,https://starful.biz/career/cpp_developer
s00000019630003,https://starful.biz/career/creative_director
s00000019630003,https://starful.biz/career/creative_technologist
s00000019630003,https://starful.biz/career/crm_marketer
s00000019630003,https://starful.biz/career/cro_specialist
s00000019630003,https://starful.biz/career/cryptographer
s00000019630003,https://starful.biz/career/cto
s00000019630003,https://starful.biz/career/customer_success_manager
s00000019630003,https://starful.biz/career/cybersecurity_analyst
s00000019630003,https://starful.biz/career/cybersecurity_consultant
s00000019630003,https://starful.biz/career/data_analyst
s00000019630003,https://starful.biz/career/data_architect
s00000019630003,https://starful.biz/career/data_center_technician
s00000019630003,https://starful.biz/career/data_curator
s00000019630003,https://starful.biz/career/data_engineer
s00000019630003,https://starful.biz/career/data_governance_specialist
s00000019630003,https://starful.biz/career/data_modeler
s00000019630003,https://starful.biz/career/data_planner
s00000019630003,https://starful.biz/career/data_platform_engineer
s00000019630003,https://starful.biz/career/data_scientist
s00000019630003,https://starful.biz/career/data_strategist
s00000019630003,https://starful.biz/career/data_visualization_engineer
s00000019630003,https://starful.biz/career/database_administrator
s00000019630003,https://starful.biz/career/dba
s00000019630003,https://starful.biz/career/design_operations_manager
s00000019630003,https://starful.biz/career/design_technologist
s00000019630003,https://starful.biz/career/developer_productivity_engineer
s00000019630003,https://starful.biz/career/developer_relations_engineer
s00000019630003,https://starful.biz/career/devops_engineer
s00000019630003,https://starful.biz/career/director_of_engineering
s00000019630003,https://starful.biz/career/director_of_product_management
s00000019630003,https://starful.biz/career/economist
s00000019630003,https://starful.biz/career/email_marketing_specialist
s00000019630003,https://starful.biz/career/embedded_software_engineer
s00000019630003,https://starful.biz/career/enterprise_architect
s00000019630003,https://starful.biz/career/ethical_hacker
s00000019630003,https://starful.biz/career/finops_engineer
s00000019630003,https://starful.biz/career/firmware_engineer
s00000019630003,https://starful.biz/career/flutter_developer
s00000019630003,https://starful.biz/career/frontend_developer
s00000019630003,https://starful.biz/career/full_stack_developer
s00000019630003,https://starful.biz/career/game_producer
s00000019630003,https://starful.biz/career/game_qa_tester
s00000019630003,https://starful.biz/career/graphic_designer
s00000019630003,https://starful.biz/career/graphics_engine_developer
s00000019630003,https://starful.biz/career/growth_hacker
s00000019630003,https://starful.biz/career/head_of_design
s00000019630003,https://starful.biz/career/head_of_engineering
s00000019630003,https://starful.biz/career/head_of_marketing
s00000019630003,https://starful.biz/career/iac_specialist
s00000019630003,https://starful.biz/career/interaction_designer
s00000019630003,https://starful.biz/career/ios_engineer
s00000019630003,https://starful.biz/career/metaverse_developer
s00000019630003,https://starful.biz/career/motion_graphic_designer
s00000019630003,https://starful.biz/career/network_engineer
s00000019630003,https://starful.biz/career/new_business_planner
s00000019630003,https://starful.biz/career/performance_analyst
s00000019630003,https://starful.biz/career/platform_engineer
s00000019630003,https://starful.biz/career/product_manager
s00000019630003,https://starful.biz/career/prompt_engineer
s00000019630003,https://starful.biz/career/qa_engineer
s00000019630003,https://starful.biz/career/red_team_engineer
s00000019630003,https://starful.biz/career/research_scientist
s00000019630003,https://starful.biz/career/robotics_software_engineer
s00000019630003,https://starful.biz/career/security_software_engineer
s00000019630003,https://starful.biz/career/seo_specialist
s00000019630003,https://starful.biz/career/serverless_engineer
s00000019630003,https://starful.biz/career/service_designer
s00000019630003,https://starful.biz/career/service_planner
s00000019630003,https://starful.biz/career/site_reliability_engineer
s00000019630003,https://starful.biz/career/tech_lead
s00000019630003,https://starful.biz/career/technical_operations_manager
s00000019630003,https://starful.biz/career/technical_planner
s00000019630003,https://starful.biz/career/technical_program_manager
s00000019630003,https://starful.biz/career/technical_writer
s00000019630003,https://starful.biz/career/ui_ux_designer
s00000019630003,https://starful.biz/career/ui_ux_researcher
s00000019630003,https://starful.biz/career/ux_designer
s00000019630003,https://starful.biz/career/vpoe
s00000019630003,https://starful.biz/mbti/ENFJ
s00000019630003,https://starful.biz/mbti/ENFP
s00000019630003,https://starful.biz/mbti/ENTJ
s00000019630003,https://starful.biz/mbti/ENTP
s00000019630003,https://starful.biz/mbti/ESFJ
s00000019630003,https://starful.biz/mbti/ESFP
s00000019630003,https://starful.biz/mbti/ESTJ
s00000019630003,https://starful.biz/mbti/ESTP
s00000019630003,https://starful.biz/mbti/INFJ
s00000019630003,https://starful.biz/mbti/INFP
s00000019630003,https://starful.biz/mbti/INTJ
s00000019630003,https://starful.biz/mbti/INTP
s00000019630003,https://starful.biz/mbti/ISFJ
s00000019630003,https://starful.biz/mbti/ISFP
s00000019630003,https://starful.biz/mbti/ISTJ
s00000019630003,https://starful.biz/mbti/ISTP
